Domain,IP
dasfilkoler.fun,45.55.42.13
hoeruruuki.space,45.55.42.13
turneedarroundedd.website,45.55.42.13
voighteltinlee.uno,45.55.42.13
aposlwarlir.club,46.101.51.19
asquireter.uno,46.101.51.19
monno29lizzo.space,46.101.51.19
zapolitudoporetu.website,46.101.51.19
kuazavia.space,64.227.9.253
lazioperdovo.space,64.227.9.253
snaruzho.website,64.227.9.253
stallipoverr.xyz,64.227.9.253
rasterniomno.space,64.227.15.150
sadervbenitere.fun,64.227.15.150
unilievercity.uno,64.227.15.150
artilleryin.online,64.227.119.213
bowepripos.uno,64.227.119.213
caliberunity.club,64.227.119.213
kastellira3.space,64.227.119.213
pexxota.space,64.227.119.213
shrapnell.space,64.227.119.213
snproti.cyou,64.227.119.213
timerework.fun,64.227.119.213
flagchipdase.top,67.205.164.4
kedlopzawutu.uno,67.205.164.4
nedalskdsert.website,67.205.164.4
numerroipolo.space,67.205.164.4
760maur.top,68.183.81.213
nomassbo.cyou,68.183.81.213
quantuulim.uno,68.183.81.213
asredetollo.space,68.183.115.96
dasmachtfrei.space,68.183.115.96
zenithartillery.top,68.183.115.96
14yeara.fun,68.183.200.251
kmdewar.com,68.183.200.251
livekossa.fun,68.183.200.251
positionpererost.space,68.183.200.251
pulemashinegun.online,68.183.200.251
ameripermanentno.website,83.97.20.176
chajkovsky.space,83.97.20.176
daserwewlollipop.club,83.97.20.176
mazzappa.fun,83.97.20.176
odichaly.space,83.97.20.176
ohbluebennihill.website,83.97.20.176
seconwowa.cyou,83.97.20.176
vaccnavalcod.website,83.97.20.176
violonchelistto.space,83.97.20.176
fantasmagory.club,104.131.62.5
sanankiti44.website,104.131.62.5
beregoaerodro.uno,104.131.73.14
doktrinalli.club,104.131.73.14
sedakloid.top,104.131.73.14
fredekiltyresder.uno,104.236.13.177
klintonkiagered.top,104.236.13.177
kolochaidomo.website,104.236.13.177
cardinalfirstwar.site,134.122.116.23
chernen.space,134.122.116.23
exitaports.website,134.122.116.23
gimnodopingo.space,134.122.116.23
greenpeoplokhoma.fun,134.122.116.23
polevalight.space,134.122.116.23
productionvolume.online,134.122.116.23
reweretquanto.space,134.122.116.23
destroyerattacker.xyz,134.209.123.17
forwardstrickt.website,134.209.123.17
lightbombers.uno,134.209.123.17
planesdifferent.club,134.209.123.17
goodsign.io,138.68.10.5
kdbploxokrocks.uno,138.68.10.5
kosmolitopor.space,138.68.10.5
kripotopliv.website,138.68.10.5
shaxtugel.fun,138.68.10.5
newknowwhere.website,138.68.12.171
geasgeolander.fun,138.68.12.171
lkiokilogartes.uno,138.68.12.171
teacupshotter.space,138.68.12.171
howergooverz.uno,138.68.142.174
noblackwhiter.fun,138.68.142.174
zlokichinn.space,138.68.142.174
krzhtvp.biz,138.68.238.90
premwendegardem.top,138.68.238.90
secondpilots.space,138.68.238.90
39gefrost.cyou,138.197.108.127
aperdioret.top,138.197.108.127
artesystemsssr.club,138.197.108.127
artilleryin.online,138.197.108.127
awerityubfer.club,138.197.108.127
bowepripos.uno,138.197.108.127
caliberunity.club,138.197.108.127
cleantheplace.top,138.197.108.127
erdoganno.top,138.197.108.127
hesolkiol.top,138.197.108.127
kastellira3.space,138.197.108.127
mechaniclaphet.biz,138.197.108.127
moschner.top,138.197.108.127
mtownkrut.top,138.197.108.127
pasqualle.top,138.197.108.127
pexxota.space,138.197.108.127
porthole.top,138.197.108.127
reworktopper.top,138.197.108.127
shrapnell.space,138.197.108.127
silliorop.top,138.197.108.127
snproti.cyou,138.197.108.127
technicallanallythizz.top,138.197.108.127
timerework.fun,138.197.108.127
wellernaft.top,138.197.108.127
eyhodtvbm.cloud,138.197.130.92
hedpolifiko.fun,138.197.130.92
obaitrumbama.website,138.197.130.92
pidasnowerneever.top,138.197.130.92
kilkolper.space,138.197.192.59
nobohlboudy.website,138.197.192.59
zapokorrdo.fun,138.197.192.59
34trully.xyz,138.197.197.35
439tzxtixrex.space,138.197.197.35
aimmnight.website,138.197.197.35
alotderedreamhome.fun,138.197.197.35
biigkrodivza.fun,138.197.197.35
earthdirespao.website,138.197.197.35
inowaserr.top,138.197.197.35
otreincomsal.space,138.197.197.35
polopemoskow.xyz,138.197.197.35
rakovinnae.website,138.197.197.35
zawemofu4.website,138.197.197.35
asterhalogabry.website,138.197.209.225
forkftriosilly.space,138.197.209.225
getallopeerk3.host,138.197.209.225
kimyfrenotsure.uno,138.197.209.225
520horsepower.top,139.59.168.175
allhealthis.top,139.59.168.175
antibioticoroto.club,139.59.168.175
asianpacificregion.cyou,139.59.168.175
chassche.top,139.59.168.175
chernen.space,139.59.168.175
eventheren.club,139.59.168.175
exitaports.website,139.59.168.175
gimnodopingo.space,139.59.168.175
greenpeoplokhoma.fun,139.59.168.175
kikanefiga.space,139.59.168.175
klikaclicker.website,139.59.168.175
polevalight.space,139.59.168.175
productionvolume.online,139.59.168.175
reweretquanto.space,139.59.168.175
solovjevo.uno,139.59.168.175
tifferoi.top,139.59.168.175
vovocolo.cyou,139.59.168.175
vozloteolot.space,139.59.168.175
wallagolla.cyou,139.59.168.175
wasserduster.website,139.59.168.175
weatherbaddyly.website,139.59.168.175
westerrossa.website,139.59.168.175
107pushh.fun,143.110.218.65
122milli.site,143.110.218.65
152fugasso.online,143.110.218.65
400orudi33.cyou,143.110.218.65
eeshraplen.club,143.110.218.65
middle20.cyou,143.110.218.65
nazio9033.cyou,143.110.218.65
olavrochki.uno,143.110.218.65
pasegroup.website,143.110.218.65
qwerylebedlake.uno,143.110.218.65
tankoavis.cyou,143.110.218.65
zakharymiddi.fun,143.110.218.65
2tomorrowcaholo.fun,143.198.2.53
22bogotacapoital.online,143.198.2.53
44glovesmoliuy.uno,143.198.2.53
apouvtios2.uno,143.198.2.53
errehra.club,143.198.2.53
faeswerderioytt4.fun,143.198.2.53
gioloporazirt.uno,143.198.2.53
klicjop9.fun,143.198.2.53
newandnewers.website,143.198.2.53
ponchilizza9.website,143.198.2.53
serpedfiler.uno,143.198.2.53
warcorrective.online,143.198.2.53
apouvtios2.uno,143.198.25.214
awefoplou5.site,143.198.25.214
chajkovsky.space,143.198.25.214
daserwewlollipop.club,143.198.25.214
dastemodaste.fun,143.198.25.214
emanielepolikutuo1.website,143.198.25.214
ohbluebennihill.website,143.198.25.214
seconwowa.cyou,143.198.25.214
violonchelistto.space,143.198.25.214
zomonedu3.website,143.198.25.214
dellikodebillo.uno,157.230.242.222
japanrusso.uno,157.230.242.222
neprijaki.space,157.230.242.222
nester.website,157.230.242.222
aristinmonsitin.uno,157.245.86.100
elcamzigod.fun,157.245.86.100
jilliokedr.space,157.245.86.100
wasszerkeater.website,157.245.86.100
adinaporter.uno,159.65.11.229
laloflanerry.website,159.65.11.229
sachinsahel.club,159.65.11.229
shelbyflannery.space,159.65.11.229
jrburnit.website,159.65.205.106
pisdidsukkin.uno,159.65.205.106
tasyateles.club,159.65.205.106
dostostrelko.space,159.89.140.116
occupiedcherchill.website,159.89.140.116
soviwashirouse.uno,159.89.140.116
thousakilor.top,159.89.140.116
14yeara.fun,159.89.146.79
andninediugh.space,159.89.146.79
bronntanko.top,159.89.146.79
dellikodebillo.uno,159.89.146.79
japanrusso.uno,159.89.146.79
laugvnipha.club,159.89.146.79
livekossa.fun,159.89.146.79
minotransporter.biz,159.89.146.79
navessystrel.club,159.89.146.79
neprijaki.space,159.89.146.79
nester.website,159.89.146.79
orudjuioplik.top,159.89.146.79
plaskikali.space,159.89.146.79
polkopushka.cyou,159.89.146.79
positionpererost.space,159.89.146.79
pulemashinegun.online,159.89.146.79
skorossoter.biz,159.89.146.79
strelkopolk.cyou,159.89.146.79
thoughzine.website,159.89.146.79
yukrepoderevo.biz,159.89.146.79
107pushh.fun,159.89.153.100
122milli.site,159.89.153.100
152fugasso.online,159.89.153.100
eeshraplen.club,159.89.153.100
olavrochki.uno,159.89.153.100
pasegroup.website,159.89.153.100
qwerylebedlake.uno,159.89.153.100
zakharymiddi.fun,159.89.153.100
aspergerr.top,161.35.109.168
kneelklil.uno,161.35.109.168
newstationcosmo8.space,161.35.109.168
nomovee.website,161.35.109.168
lissikopopo.fun,161.35.109.184
littleflager.uno,161.35.109.184
strannopopolo88.website,161.35.109.184
ugolkuzjaspace.website,161.35.109.184
web-host-saniman.com,161.35.109.184
littleshitthu.space,162.243.164.215
oktavius34flo.website,162.243.164.215
sellygloper34.uno,162.243.164.215
zhirafatty.host,162.243.164.215
3gelepowagenokilio.online,164.90.143.105
11calikarotelo.fun,164.90.143.105
aziretedefertyu.space,164.90.143.105
barmaafmaodd.space,164.90.143.105
fedlopesazillo9.site,164.90.143.105
klicka2.online,164.90.143.105
laworzbuio77.space,164.90.143.105
107pushh.fun,164.90.166.144
122milli.site,164.90.166.144
152fugasso.online,164.90.166.144
400orudi33.cyou,164.90.166.144
520horsepower.top,164.90.166.144
allhealthis.top,164.90.166.144
antibioticoroto.club,164.90.166.144
asianpacificregion.cyou,164.90.166.144
cardinalfirstwar.site,164.90.166.144
chassche.top,164.90.166.144
chernen.space,164.90.166.144
eeshraplen.club,164.90.166.144
eventheren.club,164.90.166.144
exitaports.website,164.90.166.144
gimnodopingo.space,164.90.166.144
greenpeoplokhoma.fun,164.90.166.144
kikanefiga.space,164.90.166.144
klikaclicker.website,164.90.166.144
middle20.cyou,164.90.166.144
nazio9033.cyou,164.90.166.144
olavrochki.uno,164.90.166.144
pasegroup.website,164.90.166.144
polevalight.space,164.90.166.144
productionvolume.online,164.90.166.144
qwerylebedlake.uno,164.90.166.144
reweretquanto.space,164.90.166.144
solovjevo.uno,164.90.166.144
tankoavis.cyou,164.90.166.144
tifferoi.top,164.90.166.144
vovocolo.cyou,164.90.166.144
wallagolla.cyou,164.90.166.144
zakharymiddi.fun,164.90.166.144
hellernotureik.space,165.22.225.21
hitthuracellio.uno,165.22.225.21
jasvamaheolop.website,165.22.225.21
soufredevous.host,165.22.225.21
agitopinaholop.uno,165.227.28.47
dedupomoshi.space,165.227.28.47
iporumuski.fun,165.227.28.47
twotoiletsr.space,165.227.28.47
234willkids.uno,165.227.53.188
aerospacefleet.uno,165.227.53.188
agrippinio.website,165.227.106.183
moohammeddu9.club,165.227.106.183
needforslower.uno,165.227.106.183
plashkadertop.space,165.227.106.183
aplowzerrio.club,165.227.219.125
friendfrondo.uno,165.227.219.125
twocookiess.website,165.227.219.125
zopewifeisda.uno,165.227.219.125
anewknowwhere.website,167.99.15.134
bridgershina.uno,167.99.15.134
dolchegubanni.fun,167.99.15.134
geasgeolander.fun,167.99.15.134
hubannedillih.top,167.99.15.134
melatallhugoboss.space,167.99.15.134
teacupshotter.space,167.99.15.134
actorz.site,167.99.139.120
alterdepressio.uno,167.99.139.120
alvaspace.cyou,167.99.139.120
brewed.space,167.99.139.120
capitoli.club,167.99.139.120
contreliteaction.cyou,167.99.139.120
dasserenity.space,167.99.139.120
diggadance.top,167.99.139.120
firstsentenceliberal.top,167.99.139.120
marsoluno.space,167.99.139.120
mealspleasures.xyz,167.99.139.120
milanotopallo.website,167.99.139.120
moreandmoreneed.space,167.99.139.120
nexttimebebetter8.space,167.99.139.120
sophiak.site,167.99.139.120
zaprosso.cyou,167.99.139.120
18minutes.xyz,167.99.172.190
getoutofcontroll.xyz,167.99.172.190
nedopuumerra.fun,167.99.172.190
shadeheada9.space,167.99.172.190
artiellerhow.space,167.99.179.160
azertuioploe.top,167.99.179.160
josseliender.website,167.99.179.160
lsiuprz.club,167.99.179.160
novoloserto.fun,167.99.179.160
chertsheat.top,167.99.180.35
noscream.club,167.99.180.35
zarathabnkgiv.club,167.99.180.35
40yrjobberz.space,167.172.240.248
912caporers.fun,167.172.240.248
azorropulseee.fun,167.172.240.248
dodoflightvogel.xyz,167.172.240.248
gleeserfer.fun,167.172.240.248
islanddeazorro.top,167.172.240.248
longarmhighsta.xyz,167.172.240.248
missimokotov.space,167.172.240.248
perplace8234.space,167.172.240.248
pozharra.space,167.172.240.248
stoikoplot.xyz,167.172.240.248
tvorartificialnature.xyz,167.172.240.248
vodostocksstand.uno,167.172.240.248
willhouseforus.top,167.172.240.248
aloki20sottka.uno,178.128.123.118
gabry4saver.website,178.128.123.118
jrburnit.website,178.128.123.118
pisdidsukkin.uno,178.128.123.118
usser234dopper.space,178.128.123.118
kawepotriv.space,178.128.156.142
kledoapkd.website,178.128.156.142
lapoedjkeo.top,178.128.156.142
mazaksaedr23.space,178.128.156.142
188criolaserz.space,178.128.243.14
217roteben.online,178.128.243.14
320glazhuk.fun,178.128.243.14
529pqexirvy.uno,178.128.243.14
630mordorebiter.website,178.128.243.14
723salikoper.site,178.128.243.14
801cvcaller.online,178.128.243.14
apoxiolazio55.space,178.128.243.14
asforthemines99.uno,178.128.243.14
awefoplou5.site,178.128.243.14
calldivorce.fun,178.128.243.14
fekiop3.space,178.128.243.14
fiollofiorro.uno,178.128.243.14
gaubizza.cyou,178.128.243.14
georoworro5.website,178.128.243.14
hiolop4.fun,178.128.243.14
oceanwaterfree34.xyz,178.128.243.14
shuttlesojuzo2.space,178.128.243.14
turkairlonomelette.space,178.128.243.14
zomonedu3.website,178.128.243.14
andninediugh.space,178.128.247.113
panduspending.uno,178.128.247.113
plaskikali.space,178.128.247.113
sallonegro.website,178.128.247.113
stukaloguppalo.space,178.128.247.113
thoughzine.website,178.128.247.113
ututyrety.fun,178.128.247.113
alkoshaffer.space,185.10.68.238
cserdas.club,185.10.68.238
rfeveefo.fun,185.10.68.238
zaheadd.cyou,185.10.68.238
2toserextended.space,188.166.106.101
trend100series.website,188.166.106.101
warniweder.space,188.166.106.101
33nachoscocso.website,206.189.10.247
berxion9.online,206.189.10.247
chinavillage.uno,206.189.10.247
cikawemoret34.space,206.189.10.247
emanielepolikutuo1.website,206.189.10.247
gommadrilla.space,206.189.10.247
oskolko.uno,206.189.10.247
prolomstenn.fun,206.189.10.247
10thousandop.website,104.131.62.5
importantoteme.uno,104.131.62.5
30bisdestroyer.club,134.122.40.153
68criuser.top,134.122.40.153
nadovodokora.top,134.122.40.153
rudellaito.fun,134.122.40.153
anewknowwhere.website,138.68.12.171
bestcamalla.space,138.68.62.139
nikakuraguio.xyz,138.68.62.139
salvadrillo.club,138.68.62.139
tridentscaeder.uno,138.68.62.139
0384smaturned.uno,138.197.197.35
213podellkk.website,142.93.148.107
234tvgro.space,142.93.148.107
34tankdetank.website,142.93.148.107
60profit.website,142.93.148.107
fsikiolker.uno,142.93.148.107
house34vegas.uno,142.93.148.107
petelbomber.xyz,142.93.148.107
shturmann.space,142.93.148.107
asreterharet.top,143.198.121.216
camillodeprillo.top,143.198.121.216
demorespurde.space,143.198.121.216
orrigatrade.club,143.198.121.216
3204usexport.club,159.65.106.38
aviatechholding.uno,159.65.106.38
listofounishments.xyz,159.65.106.38
littliwoerdete.xyz,159.65.106.38
djzxtgl.icu,159.89.146.79
afdeserutil32.website,159.203.6.250
blindpilotr.xyz,159.203.6.250
sanctionshere2.xyz,159.203.6.250
starorienta.uno,159.203.6.250
usaaforced.fun,159.203.6.250
hondurasto.fun,161.35.109.168
netmoscito2.uno,165.227.53.188
ascjntukzv.buzz,167.99.172.190
234tvgro.space,167.172.240.248
descruppted8.xyz,167.172.240.248
gaaga923.website,167.172.240.248
oceanwaterfree34.xyz,167.172.240.248
opuhuilo3.uno,167.172.240.248
otreincomsal.space,167.172.240.248
sethisabelle.website,188.166.3.197
train348.fun,188.166.3.197
heavyoildevelop2.fun,198.199.73.200
prohibition34gazza.website,198.199.73.200
readyformerambassa0.uno,198.199.73.200
swiftreloadert.xyz,198.199.73.200
